f1,f2,feasible,x1,x2,x3,x4,x5,x6,x7,x8
7.812535019562629302e+00,2.620087169193402232e+00,1.0,6.025173656516765419e+01,2.290126958056355022e+00,5.279488097230619132e+02,1.244115236097863786e+01,5.234474994814930504e+00,1.101155121757935396e+00,5.813791456234290536e+02,6.134409303028217630e-01
